Id,Name,State,Phone Number,Address
1,SIMONNE,OK,228-120-292,102 Nicolls St.
2,CARMA,NJ,252-844-496,59 Pierce Ave.
3,RENAY,IA,480-121-950,9398 Iroquois Court
4,TEQUILA,IA,406-666-261,73 South Argyle Street
5,GAYLENE,KS,304-730-826,74 Carriage Ave.
6,MILLY,AL,803-640-243,8204 Euclid Street
7,CARMELITA,NV,207-923-661,898 Creek Ave.
8,REINA,RI,319-106-805,100 Philmont Street
9,VALRIE,ID,239-753-756,19 Woodland Drive
10,LAYNE,NH,302-196-454,7291 East Pendergast St.
11,DOTTY,WA,702-438-219,683 Amerige Street
12,NIGEL,GA,206-609-192,181 Lake Street
13,GENNY,IN,802-603-721,144 E. Richardson Ave.
14,ALVIN,KS,603-352-817,23 Greenview Road
15,DANIAL,HI,212-249-954,9142 E. Vine Drive
16,DIGNA,OH,304-663-507,38 Cypress Ave.
17,SADE,MA,215-281-926,926 Harvard Ave.
18,LEIGHANN,NV,802-264-242,493 Sycamore St.
19,VELLA,WA,480-109-996,97 Indian Spring Drive
20,TESSIE,AK,229-554-734,915 Anderson Drive
21,ALEXANDER,SD,316-892-138,8777 Greenview Dr.
22,ELISE,WI,339-766-208,38 Cypress Ave.
23,NEDRA,NM,307-949-257,8946 High Noon St.
24,CLEMENT,LA,239-985-375,802 Blue Spring St.
25,TERRESA,MI,208-667-916,327 Hanover St.
26,CHERILYN,OR,240-844-154,13 Del Monte Dr.
27,DINAH,UT,252-267-797,9867 Sherwood St.
28,MAC,MA,308-152-570,8861 Green Lane
29,MIRANDA,ID,303-724-706,76 Lees Creek Street
30,EMORY,WY,302-196-454,49 Chestnut Street
31,RAMIRO,IA,218-954-782,659 Foxrun Street
32,CECIL,HI,205-118-749,13 W. Longbranch St.
33,MARIAH,WI,208-848-822,354 Saxton St.
34,HESTER,NM,405-140-416,94 Cemetery Lane
35,ARGENTINA,UT,239-717-277,8088 Walnutwood St.
36,JUNG,IA,207-637-144,7908 53rd Street
37,DANIELLA,SD,803-640-243,165 Constitution Drive
38,ERASMO,NV,228-863-894,30 Market Dr.
39,CARA,CT,803-345-509,59 Fairway St.
40,PRISCILLA,VA,907-891-112,88 Devonshire St.
41,GRAIG,MT,215-616-212,3 N. Leeton Ridge Circle
42,HARMONY,ID,229-881-728,8709 Beacon St.
43,MALENA,ID,802-428-178,73 N. Gates Dr.
44,ALBERTINE,KY,503-124-924,208 Brandywine Ave.
45,JASMINE,AR,603-555-337,7 NW. Gonzales Court
46,BLYTHE,WI,210-386-625,9735 Tallwood Road
47,TIANA,WA,212-240-106,900 South Manhattan St.
48,MEI,MI,217-606-582,305 Rockcrest Ave.
49,BUDDY,MT,262-658-803,7094 Lake View Court
50,POK,KY,262-946-500,355 Meadow St.
51,NANNETTE,NE,802-781-134,546 Williams St.
52,ALEXIS,NC,209-141-247,446 Roosevelt Dr.
53,TRINIDAD,IL,907-510-782,7223 Primrose Drive
54,KEISHA,MO,218-954-782,8113 Birch Hill St.
55,LASHAWN,OR,339-541-870,268 Lake View Street
56,JEFFIE,DE,303-941-884,634 Roosevelt Drive
57,JAIME,OK,219-720-872,52 Cedar Street
58,TOD,MT,229-738-216,15 Prince Ave.
59,KANESHA,OR,212-413-939,7263 Penn St.
60,TANISHA,WV,216-556-388,8125 Pleasant Avenue
61,CHARLESETTA,KS,218-954-782,207 Warren Ave.
62,JUDSON,MD,435-844-268,7824 Fremont Street
63,ZONA,CO,435-418-251,18 York Avenue
64,MARCHELLE,ID,229-921-339,4 N. Pin Oak Ave.
65,SHANTA,OR,316-503-316,57 Sutor St.
66,JANNIE,WI,308-596-195,976 Canal Road
67,KARLEEN,GA,212-540-436,211 Poplar Ave.
68,ETHELENE,CT,212-707-600,58 Market St.
69,JESSICA,NY,240-665-753,2 Pumpkin Hill Ave.
70,DANILO,MD,270-219-443,8224 East Homestead Ave.
71,MADALYN,MD,803-659-988,843 Washington Court
72,VIRGIE,NH,210-538-219,670 Winding Way Drive
73,FREDERICK,WA,479-639-905,8567 Hanover Dr.
74,ERICH,KS,303-631-368,7590 Goldfield Road
75,ESTEFANA,MA,314-412-675,8956 W. Orange St.
76,ANGELIC,MS,319-507-195,39 Old Orchard Street
77,DAPHNE,ID,205-955-226,359 Deerfield Road
78,AMMIE,IA,225-588-379,73 Lincoln Dr.
79,ELDON,NJ,206-139-398,353 Olive Court
80,SHERYLL,WV,701-730-864,30 Market Dr.
81,ZITA,AR,973-109-943,7204 Acacia Ave.
82,AUDIE,MO,239-918-175,42 Front St.
83,CARLY,AZ,228-300-354,7677 Ashley St.
84,DELAINE,ND,219-856-546,36 Devon Dr.
85,ROLANDE,UT,276-276-118,9686 Indian Spring Road
86,BRENDA,NE,239-785-318,7685 Peninsula Court
87,RICKY,NY,973-123-483,8445 Andover Street
88,ASHLY,NM,203-351-387,9082 St Margarets Ave.
89,MABELLE,AZ,308-525-255,32 E. Clinton Road
90,NORMAND,NC,702-911-489,750 Hill Field Street
91,ROXANA,MN,203-781-283,9624 Johnson Street
92,HEATHER,WY,480-977-579,356 Franklin Street
93,JAIME,AZ,802-573-990,90 Bear Hill Road
94,NICOLASA,NJ,207-892-215,180 Blue Spring Avenue
95,SHIRLEE,IL,803-345-509,41 Fairview Lane
96,MARLINE,SC,270-365-150,11 Bayberry Rd.
97,KATRINA,WI,339-146-835,87 E. Honey Creek St.
98,CHASE,MT,240-703-243,8508 Overlook Lane
99,DANTE,VA,605-358-262,445 Elmwood Lane
100,MARIBETH,OH,808-585-827,8680 Eagle Street
101,BRENNA,NY,480-889-249,67 Pleasant Ave.
102,JOSH,MT,205-314-941,8756 Lakeshore Road
103,PING,MD,503-966-933,8680 Eagle Street
104,BURMA,IN,229-921-339,133 Gonzales Dr.
105,OCTAVIA,MA,231-540-311,641 County Ave.
106,SHERILL,AL,702-407-529,7442 Sunset Lane
107,ROBERTA,NV,479-979-637,9005 Lake View Avenue
108,BRADLEY,MT,405-777-580,750 Hill Field Street
109,ROSELINE,AR,907-372-463,149 Lake Forest Lane
110,ESTEFANA,CA,262-414-448,48 Delaware St.
111,MIN,WY,973-540-347,328 Brickyard Drive
112,LADY,NV,308-982-812,7032 Sleepy Hollow Lane
113,BEAULAH,OR,217-676-679,79 SE. Valley Farms St.
114,JANUARY,WI,401-951-508,9666 Bishop Drive
115,IVETTE,PA,316-279-485,539 Glenridge Street
116,BOB,OK,406-666-261,9860 St Paul St.
117,PHEBE,KS,319-916-349,55 S. Sleepy Hollow Dr.
118,JONNA,IL,252-446-652,57 South Hudson Rd.
119,EARLENE,NE,435-950-496,832 Roehampton Dr.
120,LEANDRA,MD,206-896-595,73 Old Saxon St.
121,BRIANNA,SC,231-528-434,20 Hilltop Drive
122,JACQUILINE,MT,802-573-990,633 Sunset Court
123,RONA,MI,239-986-111,750 Hill Field Street
124,WILDA,NJ,208-895-794,96 Cobblestone St.
125,EMOGENE,NM,239-918-175,9969 Blackburn Lane
126,JEFF,AR,503-818-954,7552 Sunset Street
127,PATSY,NH,206-609-192,305 Central Dr.
128,TORI,VA,907-917-796,27 Somerset Ave.
129,AI,AR,503-653-497,79 Beechwood Lane
130,SHARLENE,MI,406-187-502,84 Orange Street
131,LATINA,MO,803-198-211,457 Talbot Court
132,EVON,NH,202-183-192,8291 Vine St.
133,OTIS,MA,803-181-506,513 Heritage Rd.
134,DARLENA,WY,215-281-926,90 Bear Hill Road
135,CASSIDY,TX,212-637-905,74 West Pumpkin Hill Drive
136,JADWIGA,MD,316-862-383,8972 Young Dr.
137,DIERDRE,NM,210-617-456,356 Franklin Street
138,HEE,WI,206-921-700,250 Ramblewood St.
139,CAMILA,PA,314-625-167,68 Spring Dr.
140,WINIFRED,IL,401-287-142,7 Bradford St.
141,NICKI,MT,802-620-304,53 W. Iroquois St.
142,MCKENZIE,OR,702-611-377,900 South Manhattan St.
143,ADRIANNA,PA,314-725-593,9076 SW. Franklin St.
144,KRYSTLE,AL,270-318-622,374 Orchard Drive
145,JUSTINA,RI,401-301-431,88 Devonshire St.
146,QUIANA,OK,973-123-483,23 Valley St.
147,FLORA,NE,423-892-977,685 Fieldstone Court
148,BABARA,ME,423-607-769,806 Harvey Avenue
149,SERGIO,CT,802-415-147,788 Franklin St.
150,QUINTON,NJ,907-677-620,295 Cherry Hill Street
151,RANDA,NJ,212-645-260,96 Cobblestone St.
152,TAYLOR,GA,205-258-911,49 Illinois St.
153,JONA,NE,435-418-251,532 San Juan St.
154,JOSEPH,AL,205-314-941,14 Tarkiln Hill Avenue
155,GLENNIS,LA,405-318-641,9206 Beechwood Street
156,AUDRA,KS,605-358-262,73 Old Saxon St.
157,DEANDRA,ME,225-318-430,502 Leeton Ridge Dr.
158,TYRA,TN,479-639-905,8877 Nicolls Ave.
159,SHANTA,DE,231-540-311,55 Blue Spring St.
160,JAMIE,MO,702-611-377,17 Carpenter Drive
161,CHI,LA,605-418-471,7351 Fieldstone St.
162,BRAD,NE,319-248-553,92 East Thompson Court
163,SACHA,MS,210-167-323,634 Roosevelt Drive
164,SENAIDA,WA,406-723-428,2 Sherman Court
165,XOCHITL,LA,212-707-600,605 6th Street
166,BARTON,MN,406-956-649,11 Tailwater Ave.
167,WENONA,TN,802-977-316,2 Squaw Creek St.
168,BRIANNA,NH,405-488-532,176 Westport St.
169,BIBI,MS,206-886-807,994 Wintergreen St.
170,YAEKO,RI,205-843-815,750 Hill Field Street
171,LINDA,FL,701-650-166,8518 Shub Farm Drive
172,JANET,ID,207-659-870,173 Clark St.
173,FLOYD,TX,210-968-283,96 Garden Lane
174,MARICA,TN,603-106-925,8756 Lakeshore Road
175,YANG,RI,479-264-519,51 Augusta Lane
176,MERCY,AR,808-204-569,62 Bay Lane
177,ELISE,NY,603-444-130,33 Roosevelt Street
178,FREDERICK,MN,304-632-603,7848 Victoria Rd.
179,CARSON,IL,405-777-580,8204 Euclid Street
180,JEANNETTE,OH,605-927-863,559 Vermont Dr.
181,CORRIE,SC,605-878-175,819 Gulf St.
182,LAMAR,ME,205-101-528,7015 Thorne St.
183,MILLICENT,NE,231-281-760,9686 Indian Spring Road
184,GLYNDA,NJ,339-571-770,446 Roosevelt Dr.
185,BOB,TX,252-387-979,8650 Arch Avenue
186,AURELIA,MO,205-504-418,8508 Overlook Lane
187,CORNELL,IA,206-543-961,8567 Hanover Dr.
188,EZEQUIEL,NV,503-716-358,63 Beech Court
189,FELICIDAD,NV,808-811-337,9870 Hillside Drive
190,LORE,SD,503-828-169,8518 Shub Farm Drive
191,CALANDRA,TN,480-977-579,300 Bow Ridge Ave.
192,NATHALIE,VA,210-538-219,9870 Hillside Drive
193,TERICA,OK,435-233-304,687 Winchester Ave.
194,VINA,ID,202-292-509,328 Brickyard Drive
195,EARLINE,AL,406-500-978,296 Ryan Ave.
196,RUTHANNE,MS,252-435-541,8544 West Paris Hill Avenue
197,KATIA,MO,207-892-215,7424 Rockville St.
198,REIKO,NH,231-134-583,53 W. Iroquois St.
199,DESMOND,AK,207-637-144,229 S. Pumpkin Hill Ave.
200,CHONG,DE,262-736-516,57 South Hudson Rd.
201,MARSHA,TX,207-962-432,898 S. Andover Dr.
202,DIANNA,VA,605-952-218,93 Joy Ridge St.
203,CHERRY,VT,316-503-316,55 S. Sleepy Hollow Dr.
204,DINAH,NJ,405-890-643,7759 Rockwell St.
205,MOSE,MD,423-433-225,85 Stonybrook St.
206,CYTHIA,UT,203-351-387,312 South Wilson Street
207,MARGORIE,ND,205-314-941,329 Clinton Rd.
208,CHANTAY,IL,808-929-929,9737 West Race Lane
209,DILLON,AZ,206-538-543,79 Pleasant Drive
210,INDIRA,CT,702-388-937,84 Orange Street
211,REDA,ID,435-270-261,88 Devonshire St.
212,MAZIE,MI,702-420-563,50 Arnold Rd.
213,SID,WA,202-933-646,4 Miles Dr.
214,CATERINA,VA,803-640-243,474 Ridgeview Circle
215,REMEDIOS,NV,231-134-583,671 James St.
216,KARL,CA,701-730-864,147 Rockland Drive
217,SUSANN,VT,435-770-587,8414 Wakehurst Ave.
218,SHARELL,TX,603-244-221,7032 Sleepy Hollow Lane
219,JENNA,WV,605-893-882,866 Nicolls Ave.
220,JO,RI,208-448-692,13 W. Longbranch St.
221,SHAQUANA,KY,210-167-323,9860 St Paul St.
222,LONNY,VA,479-582-296,56 Piper Court
223,ADELLA,RI,319-832-473,926 Harvard Ave.
224,CATHLEEN,IN,212-317-512,9618 Spruce St.
225,DOLLIE,MA,205-955-226,731 Livingston Street
226,RANDALL,RI,225-588-379,549 E. Pineknoll St.
227,VICKY,MN,202-433-467,683 Amerige Street
228,JASMIN,MD,435-203-735,915 Anderson Drive
229,DAVIDA,KS,401-105-210,7579 Jones St.
230,MERIDITH,ND,228-300-354,5 W. Euclid Rd.
231,TANNER,DE,239-753-756,683 Amerige Street
232,TARRA,SD,479-981-148,4 Devonshire Lane
233,CLAUDETTE,NE,401-105-210,457 Talbot Court
234,KING,IA,225-329-356,173 Clark St.
235,MARIETTA,LA,405-520-298,18 Trenton Street
236,LUCIO,NE,206-259-812,9399 East Dr.
237,NEIL,IA,503-653-497,457 Talbot Court
238,BETHEL,MD,479-805-347,55 Briarwood Street
239,JOHNETTE,MO,319-507-195,9541 Carpenter St.
240,JENNEFER,AK,423-461-474,7552 Sunset Street
241,EDRIS,RI,406-469-394,3 Ohio Dr.
242,CIARA,VA,207-168-928,54 School Drive
243,KYONG,CT,303-941-884,7051 Shub Farm St.
244,CEDRICK,MS,252-414-585,30 Market Dr.
245,DEANNA,KY,405-649-197,870 Lake St.
246,ALBERTHA,TN,240-310-672,7 NW. Gonzales Court
247,DREMA,LA,219-350-344,8088 Walnutwood St.
248,LIEN,KY,405-342-897,8186 Columbia St.
249,FELIPA,UT,803-659-988,295 Cherry Hill Street
250,PHYLIS,VA,406-998-696,7032 Sleepy Hollow Lane
251,MYRTIE,NV,217-687-535,8680 Eagle Street
252,LEANA,IL,803-181-506,341 West La Sierra Dr.
253,VALERIA,OR,239-506-154,9870 Hillside Drive
254,SID,AK,219-720-872,2 Court Street
255,ROSSIE,WI,803-345-509,976 Canal Road
256,CHRISTIA,OR,304-847-996,8318 Manor Station Ave.
257,LORINDA,KY,605-418-471,52 Cedar Street
258,AYANNA,OK,304-610-620,8972 Young Dr.
259,LERA,NH,276-749-543,88 Mayfield Dr.
260,CAROLL,AZ,262-682-481,323 Smith Drive
261,BULA,OR,206-538-543,31 Bay Meadows Street
262,SHERRY,RI,339-117-888,731 Livingston Street
263,FERNE,NM,319-802-772,9878 West Summerhouse Street
264,ULYSSES,AK,208-667-916,5 W. Euclid Rd.
265,CORDELIA,NH,303-660-166,33 Kingston Street
266,OLEN,MD,406-998-696,7824 Fremont Street
267,ADELLA,NE,228-120-292,341 Blackburn Rd.
268,ELIZBETH,IA,702-407-529,642 N. Vine Ave.
269,SHAWNA,MA,262-201-887,17 East Border Street
270,ILANA,TN,215-633-911,8146 Rockville Lane
271,ARETHA,OH,215-228-601,7974 Leeton Ridge St.
272,AGATHA,AZ,406-723-428,96 Cobblestone St.
273,EARLIE,GA,503-828-169,374 Orchard Drive
274,ANITA,CA,605-737-451,181 Lake Street
275,CELINA,MT,503-598-833,62 Stillwater Drive
276,CHANTELL,HI,212-836-560,208 Brandywine Ave.
277,DEANDRE,KY,231-384-861,51 Augusta Lane
278,HERMAN,NJ,229-990-384,795 Carson Lane
279,ALESHIA,OR,240-310-672,363 South Stillwater Dr.
280,BLYTHE,IN,405-342-897,55 Plumb Branch Dr.
281,JOETTE,FL,276-476-731,18 Rockland Street
282,IMELDA,NC,303-631-368,7759 Rockwell St.
283,ROY,RI,907-940-516,28 N. Wrangler St.
284,BERENICE,CA,262-478-344,180 Blue Spring Avenue
285,KYLEE,WA,339-571-770,9735 Tallwood Road
286,ALETA,CA,973-647-181,59 Pierce Ave.
287,KARYN,MS,219-391-110,79 SE. Valley Farms St.
288,GLENN,NM,702-911-489,7971 Beach Drive
289,AUDREA,NH,229-534-604,102 Nicolls St.
290,MARGUERITA,ME,202-433-467,345 Lincoln Lane
291,WINFORD,IL,503-598-833,532 San Juan St.
292,TRENA,ID,480-849-623,8048 Valley Farms Drive
293,DEVORAH,MD,228-384-844,671 James St.
294,ROXANNE,NE,262-868-987,200 Westminster Drive
295,JULIA,OK,435-233-304,9548 Sulphur Springs Ave.
296,TANDRA,AL,423-420-534,7351 Fieldstone St.
297,BOBBYE,IL,276-634-420,6 North Fairview Rd.
298,HALLIE,AL,205-959-136,50 Arnold Rd.
299,BRIAN,OK,240-703-243,67 Stillwater Rd.
300,SHENIKA,KY,252-103-103,372 Jackson Street
301,RAEANN,MT,215-616-212,898 S. Andover Dr.
302,PRUDENCE,KS,907-917-796,87 South Pawnee Road
303,DORATHY,WY,603-352-817,513 Heritage Rd.
304,JACKSON,AR,319-802-772,994 Wintergreen St.
305,MAGAN,AK,503-598-833,866 Nicolls Ave.
306,CHAS,NV,240-788-599,976 Canal Road
307,ENOCH,MD,973-255-341,8756 Lakeshore Road
308,PATIENCE,WA,262-104-404,18 York Avenue
309,BRIANNE,OR,205-823-226,309 Foxrun St.
310,CASIMIRA,NE,605-986-426,513 Heritage Rd.
311,CARIN,PA,701-331-737,9 Colonial Street
312,JANNET,WV,231-519-346,173 Clark St.
313,STEPHANIA,WI,316-198-358,68 Spring Dr.
314,DEIDRE,IA,252-880-994,428 School Dr.
315,THEODORA,KS,314-566-453,460 Santa Clara Street
316,MARKUS,DE,203-351-387,7011 East San Pablo Ave.
317,BELLE,GA,208-368-611,9860 St Paul St.
318,RENETTA,AL,605-358-262,34 Meadow Dr.
319,MALKA,NM,240-788-599,9849 W. Peachtree Lane
320,RAYNA,ID,215-696-563,115 W. Lakeshore Drive
321,REMA,WV,308-829-499,87 Creekside Rd.
322,ANASTASIA,TN,405-140-416,502 Leeton Ridge Dr.
323,JOANA,MN,208-448-692,473 Highland Ave.
324,MARIELLA,OR,239-778-147,8847 Cross Ave.
325,LAMONT,DE,276-181-884,7403 Jackson Street
326,ALISON,MT,219-856-546,549 E. Pineknoll St.
327,TIMMY,UT,808-350-732,802 Blue Spring St.
328,CARMINA,DE,316-279-485,5 Bank Road
329,PERRY,AK,206-134-809,915 Anderson Drive
330,JENIFER,MO,479-989-263,4 N. Pin Oak Ave.
331,CHESTER,IA,252-374-529,9849 W. Peachtree Lane
332,MISTY,RI,339-541-870,73 Old Saxon St.
333,ZENIA,KS,803-828-551,915 Anderson Drive
334,LAVINA,MT,239-785-318,9878 West Summerhouse Street
335,RYAN,CO,202-302-668,390 Glen Eagles Lane
336,SHAWNTA,HI,314-566-453,857 Cypress Lane
337,KATHLENE,UT,206-538-543,8282 Strawberry St.
338,KATHARYN,NV,276-944-654,9069 Birchwood Dr.
339,NOE,MD,603-753-729,4 Miles Dr.
340,ISSAC,GA,252-103-103,374 Howard Drive
341,JI,TN,808-350-732,58 Market St.
342,SHARONDA,DE,252-103-103,898 S. Andover Dr.
343,CATINA,ME,479-989-263,8508 Overlook Lane
344,SHAINA,AK,218-736-947,7618 Smoky Hollow Rd.
345,HERMA,PA,210-798-922,549 E. Pineknoll St.
346,JONIE,IA,314-566-453,300 Bow Ridge Ave.
347,LASHAWNDA,MA,203-863-435,7291 East Pendergast St.
348,CIERRA,HI,316-862-383,9059 St Margarets Ave.
349,KATHRYN,AK,276-944-654,70 2nd Lane
350,WARNER,WA,503-381-660,4 Prospect Drive
351,MIRNA,VA,270-318-622,68 Spring Dr.
352,CLEOTILDE,OK,205-751-818,819 Gulf St.
353,GERALD,MT,339-645-132,925 Glenwood Ave.
354,KEISHA,MT,406-187-502,7680 Euclid Ave.
355,LILI,SC,252-414-585,9541 Carpenter St.
356,MACKENZIE,KS,307-802-278,8 Creek St.
357,COLLIN,WI,435-378-491,898 S. Andover Dr.
358,DENNISE,NJ,303-370-689,4 Devonshire Lane
359,DETRA,ND,206-127-771,176 Westport St.
360,JOYCELYN,OR,701-489-261,44 Rosewood St.
361,RANDI,ND,252-162-746,322 North Sunnyslope Lane
362,NYLA,FL,206-134-809,96 Garden Dr.
363,TOMASA,PA,262-946-500,8508 Overlook Lane
364,DOLORES,CO,262-201-887,96 Garden Dr.
365,DARELL,MT,219-848-797,135 North Street
366,AUDRIA,MD,405-811-424,8596 Walnutwood Dr.
367,HARLAND,NC,303-425-231,8929 Liberty St.
368,DESSIE,CO,303-793-186,969 Miller Street
369,EVERETT,TX,239-918-175,354 Saxton St.
370,CHERYL,CT,207-845-431,969 Miller Street
371,BONG,SC,701-682-146,318 Pineknoll Street
372,SANDA,OK,202-433-467,8544 West Paris Hill Avenue
373,SHAVONDA,NJ,423-222-364,181 Lake Street
374,LAQUITA,GA,262-567-852,8446 Wellington St.
375,DOMONIQUE,VA,907-917-796,349 Wild Rose Court
376,MYRTICE,AR,319-169-217,9704 South Ann Drive
377,BEULAH,FL,803-329-448,295 Cherry Hill Street
378,JUNE,MI,423-204-625,33 Roosevelt Street
379,ISADORA,CA,229-738-216,127 Lexington Drive
380,TORRI,ID,480-889-249,857 Cypress Lane
381,JENNEFER,NJ,205-172-529,493 Meadow St.
382,LAURE,NY,702-255-286,85 Stonybrook St.
383,NOBUKO,PA,907-361-973,8567 Hanover Dr.
384,LORITA,MI,219-512-140,445 Elmwood Lane
385,TOBI,HI,603-810-938,90 Prairie St.
386,MAGDA,DE,239-918-175,641 Meadowbrook Drive
387,ERNESTO,MD,808-485-244,652 Pennsylvania St.
388,HOPE,IA,218-736-947,64 Indian Spring Ave.
389,BRIGITTE,AZ,803-828-551,7015 Thorne St.
390,ERIKA,IL,205-458-216,78 Mountainview Rd.
391,TOI,NV,239-568-838,11 Bayberry Rd.
392,LIZBETH,OK,808-929-929,821 S. Highland Dr.
393,MARGY,SC,701-331-737,428 Wrangler Street
394,JULIEANN,AK,803-828-551,96 Garden Dr.
395,ALINE,OR,605-834-601,91 James Street
396,LEATHA,RI,405-969-212,9541 Carpenter St.
397,LARRY,ID,217-628-337,374 Orchard Drive
398,DESTINY,NY,210-259-773,857 Cypress Lane
399,DOMINICK,ID,240-844-154,239 Selby St.
400,REBEKAH,VA,423-241-698,37 Constitution Road
401,JESSIKA,NV,239-986-111,9034 Galvin Street
402,KAI,MD,803-659-988,39 Queen Ave.
403,GILMA,KS,405-140-416,816 Hawthorne Ave.
404,HANK,WV,802-428-178,2 Richardson Drive
405,HAI,TX,802-573-990,90 Prairie St.
406,TARI,ID,207-563-672,762 South Shore Street
407,EULALIA,MD,212-836-560,374 Orchard Drive
408,FABIOLA,OK,503-666-370,605 E. Mayflower Street
409,SCARLETT,RI,802-573-990,953 S. Lantern St.
410,STEPANIE,VA,231-528-434,7552 Sunset Street
411,AL,RI,435-915-229,8425 Walnut Street
412,LIDIA,SD,603-244-221,994 Wintergreen St.
413,MARIKO,KY,205-751-818,8 Creek St.
414,ABRAHAM,WI,702-611-377,8644 High Road
415,SHARRON,MI,401-951-508,26 West Aspen Dr.
416,BOK,ID,406-723-428,469 Hickory Ave.
417,NEVADA,FL,240-310-672,7015 Thorne St.
418,LEONIE,MN,802-428-178,8644 High Road
419,WINONA,NY,973-255-341,9633 Thomas Road
420,CARLITA,MO,240-932-917,73 Lincoln Dr.
421,RICKEY,NM,303-529-508,870 Lake St.
422,FLORENE,MA,702-831-184,619 South Walnut St.
423,ARIANNA,OR,603-444-130,770 Academy Ave.
424,KRISTY,ME,808-590-241,765 Amerige Drive
425,ANNABEL,OK,203-278-172,866 Nicolls Ave.
426,SARAN,MT,216-279-345,9624 Johnson Street
427,BELLE,ND,205-635-478,8361 Nicolls St.
428,CHRIS,TN,262-682-481,9398 Iroquois Court
429,REED,VT,316-198-358,60 Creekside Lane
430,MISS,NV,605-878-175,7974 Leeton Ridge St.
431,GINO,NV,216-279-345,8197 Catherine Lane
432,CRYSTLE,WI,803-599-816,5 Bank Road
433,LOIDA,IA,316-734-207,641 County Ave.
434,LULA,AZ,231-134-583,953 E. Oak Meadow St.
435,GENEVIE,CO,231-281-760,9737 West Race Lane
436,KIMBERY,PA,219-392-671,474 Ridgeview Circle
437,CECILA,CA,406-998-696,8125 Pleasant Avenue
438,MARTI,NJ,401-287-142,460 Santa Clara Street
439,TEGAN,NC,339-146-835,9737 West Race Lane
440,VICKEY,MO,210-226-703,9306 Brickyard St.
441,JULE,CT,802-812-920,469 Hickory Ave.
442,JAIMEE,MN,219-512-140,573 Alderwood Road
443,MARCO,NH,216-776-640,688 East Westminster Dr.
444,SHARIKA,TX,205-511-481,56 North Garden Ave.
445,BELIA,AL,503-966-933,9059 St Margarets Ave.
446,TYESHA,KY,207-825-980,34 Meadow Dr.
447,CELESTINE,TN,228-863-894,9944 Hudson Drive
448,RUPERT,MN,252-446-652,9069 Birchwood Dr.
449,FRANKIE,NM,252-790-755,826 Anderson Ave.
450,VALERIE,MO,304-610-620,372 Jackson Street
451,MADALYN,UT,503-667-328,9633 Thomas Road
452,TONETTE,KS,212-637-905,8567 Hanover Dr.
453,ROZELLA,AR,228-354-915,390 Glen Eagles Lane
454,LUNA,GA,212-525-519,211 Magnolia Street
455,CHERYL,MD,205-172-529,953 E. Oak Meadow St.
456,PHYLIS,WV,205-875-381,100 Philmont Street
457,CHRISTIN,IN,973-135-969,131 Euclid Rd.
458,PRINCE,SD,262-736-516,586 Bradford St.
459,ELIDIA,PA,212-637-905,7749 West Green Hill Dr.
460,LINN,ID,405-403-580,493 Meadow St.
461,CHUCK,KY,319-916-349,207 Glenholme St.
462,ARRON,WA,603-705-100,857 Cypress Lane
463,SHALONDA,HI,207-563-672,57 Ivy Lane
464,FRANCIS,GA,423-496-576,512 Westminster Street
465,MAC,WA,217-606-582,406 Creekside St.
466,ADAH,AK,973-193-480,898 S. Andover Dr.
467,CARLA,MT,218-736-947,62 Stillwater Drive
468,VI,NM,219-391-110,95 New Saddle Ave.
469,IRMGARD,OR,701-362-302,33 Glenridge Avenue
470,SADE,LA,252-267-797,250 Ramblewood St.
471,DAMIEN,CT,207-962-432,8425 Walnut Street
472,CHANTELLE,AK,316-862-383,77 Second Street
473,DEE,WY,210-779-147,8361 Nicolls St.
474,ENID,VA,205-101-528,8956 W. Orange St.
475,TREENA,AK,218-387-707,131 Circle Court
476,LANELL,WV,316-991-768,95 New Saddle Ave.
477,PHYLISS,DE,802-428-178,9034 Galvin Street
478,NICKY,DE,803-710-120,54 School Drive
479,NAOMA,MA,202-911-866,53 N. Arlington Dr.
480,CHERE,PA,316-503-316,54 Rockledge Lane
481,LISE,CO,308-254-168,9059 St Margarets Ave.
482,ROSS,DE,423-204-625,9142 E. Vine Drive
483,LAURINDA,AL,252-897-229,7749 West Green Hill Dr.
484,BESSIE,OK,802-620-304,513 Heritage Rd.
485,ELIZBETH,NY,339-223-799,37 Brickyard Street
486,KEENAN,CT,239-907-719,503 E. Beach St.
487,ANNELLE,LA,206-886-807,359 Deerfield Road
488,TEGAN,WI,212-525-519,898 Creek Ave.
489,WALKER,ND,405-342-897,428 School Dr.
490,SHILA,CT,252-790-755,7677 Ashley St.
491,EVETTE,MN,203-764-430,309 Foxrun St.
492,JENA,SC,219-350-344,866 Nicolls Ave.
493,DANIA,AL,207-517-570,144 S. Peachtree Drive
494,DIANNA,MT,210-798-922,7287 Maiden Court
495,NORA,MN,219-207-603,685 Fieldstone Court
496,TYRON,NJ,808-983-274,37 Brickyard Street
497,IVA,PA,802-573-990,7063 Heather Rd.
498,BULA,WV,202-433-467,619 South Walnut St.
499,MAGARET,MS,240-454-560,69 Fairground St.
500,MIKAELA,MI,803-599-816,372 Jackson Street